"ds","y"
"1871-01-07","1"
"1871-01-07","1"
"1871-01-07","1"
"1871-01-07","1"
"1871-01-07","1"
"1871-01-14","2"
"1871-01-14","2"
"1871-01-14","1"
"1871-01-14","2"
"1871-01-14","2"
"1871-01-21","3"
"1871-01-21","3"
"1871-01-21","1"
"1871-01-21","3"
"1871-01-21","3"
"1871-01-28","4"
"1871-01-28","4"
"1871-01-28","4"
"1871-01-28","4"
"1871-01-28","4"
"1871-02-04","5"
"1871-02-04","5"
"1871-02-04","5"
"1871-02-04","5"
"1871-02-04","5"
"1871-02-11","4"
"1871-02-11","6"
"1871-02-11","6"
"1871-02-11","6"
"1871-02-11","6"
"1871-02-18","7"
"1871-02-18","4"
"1871-02-18","5"
"1871-02-18","7"
"1871-02-18","7"
"1871-02-25","2"
"1871-02-25","8"
"1871-02-25","8"
"1871-02-25","8"
"1871-02-25","2"
"1871-03-04","9"
"1871-03-04","9"
"1871-03-04","9"
"1871-03-04","9"
"1871-03-04","4"
"1871-03-11","10"
"1871-03-11","10"
"1871-03-11","10"
"1871-03-11","2"
"1871-03-11","6"
"1871-03-18","11"
"1871-03-18","9"
"1871-03-18","11"
"1871-03-18","9"
"1871-03-18","11"
"1871-03-25","12"
"1871-03-25","12"
"1871-03-25","12"
"1871-03-25","2"
"1871-03-25","12"
"1871-04-01","13"
"1871-04-01","10"
"1871-04-01","12"
"1871-04-01","13"
"1871-04-01","13"
"1871-04-08","14"
"1871-04-08","8"
"1871-04-08","14"
"1871-04-08","5"
"1871-04-08","14"
"1871-04-15","15"
"1871-04-15","15"
"1871-04-15","10"
"1871-04-15","15"
"1871-04-15","12"
"1871-04-22","16"
"1871-04-22","11"
"1871-04-22","16"
"1871-04-22","1"
"1871-04-22","2"
"1871-04-29","6"
"1871-04-29","5"
"1871-04-29","4"
"1871-04-29","17"
"1871-04-29","8"
"1871-05-06","11"
"1871-05-06","4"
"1871-05-06","18"
"1871-05-06","18"
"1871-05-06","2"
"1871-05-13","13"
"1871-05-13","4"
"1871-05-13","16"
"1871-05-13","3"
"1871-05-13","6"
"1871-05-20","12"
"1871-05-20","20"
"1871-05-20","2"
"1871-05-20","20"
"1871-05-20","20"
"1871-05-27","3"
"1871-05-27","4"
"1871-05-27","7"
"1871-05-27","14"
"1871-05-27","21"
"1871-06-03","22"
"1871-06-03","3"
"1871-06-03","18"
"1871-06-03","5"
"1871-06-03","6"
"1871-06-10","23"
"1871-06-10","6"
"1871-06-10","12"
"1871-06-10","1"
"1871-06-10","23"
"1871-06-17","23"
"1871-06-17","3"
"1871-06-17","15"
"1871-06-17","15"
"1871-06-17","13"
"1871-06-24","8"
"1871-06-24","12"
"1871-06-24","25"
"1871-06-24","25"
"1871-06-24","7"
"1871-07-01","15"
"1871-07-01","22"
"1871-07-01","2"
"1871-07-01","26"
"1871-07-01","8"
"1871-07-08","7"
"1871-07-08","20"
"1871-07-08","15"
"1871-07-08","13"
"1871-07-08","15"
"1871-07-15","9"
"1871-07-15","28"
"1871-07-15","5"
"1871-07-15","28"
"1871-07-15","28"
"1871-07-22","21"
"1871-07-22","14"
"1871-07-22","10"
"1871-07-22","29"
"1871-07-22","9"
"1871-07-29","25"
"1871-07-29","19"
"1871-07-29","15"
"1871-07-29","20"
"1871-07-29","20"
"1871-08-05","8"
"1871-08-05","9"
"1871-08-05","21"
"1871-08-05","8"
"1871-08-05","18"
"1871-08-12","32"
"1871-08-12","32"
"1871-08-12","32"
"1871-08-12","32"
"1871-08-12","6"
"1871-08-19","5"
"1871-08-19","6"
"1871-08-19","33"
"1871-08-19","33"
"1871-08-19","14"
"1871-08-26","5"
"1871-08-26","20"
"1871-08-26","8"
"1871-08-26","34"
"1871-08-26","28"
"1871-09-02","31"
"1871-09-02","3"
"1871-09-02","2"
"1871-09-02","11"
"1871-09-02","35"
"1871-09-09","4"
"1871-09-09","1"
"1871-09-09","11"
"1871-09-09","4"
"1871-09-09","11"
"1871-09-16","8"
"1871-09-16","17"
"1871-09-16","37"
"1871-09-16","10"
"1871-09-16","37"
"1871-09-23","12"
"1871-09-23","38"
"1871-09-23","1"
"1871-09-23","14"
"1871-09-23","17"
"1871-09-30","5"
"1871-09-30","9"
"1871-09-30","11"
"1871-09-30","1"
"1871-09-30","8"
"1871-10-07","5"
"1871-10-07","2"
"1871-10-07","12"
"1871-10-07","6"
"1871-10-07","20"
"1871-10-14","25"
"1871-10-14","6"
"1871-10-14","41"
"1871-10-14","4"
"1871-10-14","11"
"1871-10-21","15"
"1871-10-21","17"
"1871-10-21","35"
"1871-10-21","3"
"1871-10-21","4"
"1871-10-28","24"
"1871-10-28","14"
"1871-10-28","1"
"1871-10-28","35"
"1871-10-28","3"
"1871-11-04","10"
"1871-11-04","7"
"1871-11-04","39"
"1871-11-04","2"
"1871-11-04","20"
"1871-11-11","33"
"1871-11-11","1"
"1871-11-11","37"
"1871-11-11","12"
"1871-11-11","16"
"1871-11-18","3"
"1871-11-18","20"
"1871-11-18","7"
"1871-11-18","24"
"1871-11-18","29"
"1871-11-25","3"
"1871-11-25","10"
"1871-11-25","7"
"1871-11-25","13"
"1871-11-25","47"
"1871-12-02","15"
"1871-12-02","19"
"1871-12-02","13"
"1871-12-02","41"
"1871-12-02","1"
"1871-12-09","6"
"1871-12-09","45"
"1871-12-09","5"
"1871-12-09","15"
"1871-12-09","8"
"1871-12-16","40"
"1871-12-16","18"
"1871-12-16","5"
"1871-12-16","25"
"1871-12-16","14"
"1871-12-23","28"
"1871-12-23","30"
"1871-12-23","10"
"1871-12-23","15"
"1871-12-23","2"
"1871-12-30","12"
"1871-12-30","37"
"1871-12-30","7"
"1871-12-30","1"
"1871-12-30","21"
"1872-01-06","7"
"1872-01-06","8"
"1872-01-06","3"
"1872-01-06","35"
"1872-01-06","2"
"1872-01-13","3"
"1872-01-13","5"
"1872-01-13","5"
"1872-01-13","8"
"1872-01-13","14"
"1872-01-20","46"
"1872-01-20","2"
"1872-01-20","3"
"1872-01-20","24"
"1872-01-20","9"
"1872-01-27","2"
"1872-01-27","8"
"1872-01-27","2"
"1872-01-27","7"
"1872-01-27","20"
"1872-02-03","25"
"1872-02-03","56"
"1872-02-03","9"
"1872-02-03","1"
"1872-02-03","37"
"1872-02-10","7"
"1872-02-10","28"
"1872-02-10","5"
"1872-02-10","15"
"1872-02-10","36"
"1872-02-17","9"
"1872-02-17","2"
"1872-02-17","38"
"1872-02-17","16"
"1872-02-17","31"
"1872-02-24","5"
"1872-02-24","1"
"1872-02-24","16"
"1872-02-24","47"
"1872-02-24","18"
"1872-03-02","6"
"1872-03-02","7"
"1872-03-02","30"
"1872-03-02","12"
"1872-03-02","22"
"1872-03-09","23"
"1872-03-09","38"
"1872-03-09","4"
"1872-03-09","8"
"1872-03-09","15"
"1872-03-16","27"
"1872-03-16","8"
"1872-03-16","35"
"1872-03-16","3"
"1872-03-16","11"
"1872-03-23","17"
"1872-03-23","52"
"1872-03-23","14"
"1872-03-23","17"
"1872-03-23","9"
"1872-03-30","1"
"1872-03-30","9"
"1872-03-30","10"
"1872-03-30","12"
"1872-03-30","65"
"1872-04-06","9"
"1872-04-06","25"
"1872-04-06","8"
"1872-04-06","1"
"1872-04-06","16"
"1872-04-13","64"
"1872-04-13","26"
"1872-04-13","29"
"1872-04-13","29"
"1872-04-13","17"
"1872-04-20","5"
"1872-04-20","8"
"1872-04-20","23"
"1872-04-20","45"
"1872-04-20","22"
"1872-04-27","8"
"1872-04-27","2"
"1872-04-27","9"
"1872-04-27","43"
"1872-04-27","48"
"1872-05-04","37"
"1872-05-04","1"
"1872-05-04","34"
"1872-05-04","1"
"1872-05-04","14"
"1872-05-11","20"
"1872-05-11","55"
"1872-05-11","2"
"1872-05-11","23"
"1872-05-11","6"
"1872-05-18","9"
"1872-05-18","5"
"1872-05-18","35"
"1872-05-18","8"
"1872-05-18","5"
"1872-05-25","15"
"1872-05-25","12"
"1872-05-25","1"
"1872-05-25","14"
"1872-05-25","6"
"1872-06-01","20"
"1872-06-01","11"
"1872-06-01","14"
"1872-06-01","28"
"1872-06-01","22"
"1872-06-08","10"
"1872-06-08","4"
"1872-06-08","9"
"1872-06-08","1"
"1872-06-08","2"
"1872-06-15","2"
"1872-06-15","49"
"1872-06-15","3"
"1872-06-15","15"
"1872-06-15","18"
"1872-06-22","7"
"1872-06-22","4"
"1872-06-22","13"
"1872-06-22","9"
"1872-06-22","35"
"1872-07-01","1"
"1872-07-01","8"
"1872-07-01","78"
"1872-07-01","17"
"1872-07-01","8"
"1872-07-06","31"
"1872-07-06","23"
"1872-07-06","19"
"1872-07-06","20"
"1872-07-06","4"
"1872-07-13","53"
"1872-07-13","49"
"1872-07-13","4"
"1872-07-13","18"
"1872-07-13","4"
"1872-07-20","17"
"1872-07-20","42"
"1872-07-20","19"
"1872-07-20","13"
"1872-07-20","80"
"1872-07-27","34"
"1872-07-27","25"
"1872-07-27","3"
"1872-07-27","12"
"1872-07-27","16"
"1872-08-03","18"
"1872-08-03","5"
"1872-08-03","2"
"1872-08-03","38"
"1872-08-03","2"
"1872-08-10","37"
"1872-08-10","10"
"1872-08-10","4"
"1872-08-10","19"
"1872-08-10","3"
"1872-08-17","60"
"1872-08-17","13"
"1872-08-17","14"
"1872-08-17","4"
"1872-08-17","8"
"1872-08-24","45"
"1872-08-24","9"
"1872-08-24","9"
"1872-08-24","17"
"1872-08-24","6"
"1872-08-31","4"
"1872-08-31","16"
"1872-08-31","3"
"1872-08-31","23"
"1872-08-31","28"
"1872-09-07","8"
"1872-09-07","9"
"1872-09-07","20"
"1872-09-07","9"
"1872-09-07","36"
"1872-09-14","10"
"1872-09-14","56"
"1872-09-14","7"
"1872-09-14","67"
"1872-09-14","33"
"1872-09-21","8"
"1872-09-21","1"
"1872-09-21","15"
"1872-09-21","5"
"1872-09-21","5"
"1872-09-28","13"
"1872-09-28","38"
"1872-09-28","7"
"1872-09-28","22"
"1872-09-28","38"
"1872-10-05","1"
"1872-10-05","21"
"1872-10-05","48"
"1872-10-05","1"
"1872-10-05","3"
"1872-10-12","11"
"1872-10-12","31"
"1872-10-12","6"
"1872-10-12","35"
"1872-10-12","21"
"1872-10-19","8"
"1872-10-19","24"
"1872-10-19","7"
"1872-10-19","2"
"1872-10-19","2"
"1872-10-26","11"
"1872-10-26","7"
"1872-10-26","9"
"1872-10-26","8"
"1872-10-26","6"
"1872-11-02","10"
"1872-11-02","4"
"1872-11-02","1"
"1872-11-02","37"
"1872-11-02","33"
"1872-11-09","4"
"1872-11-09","24"
"1872-11-09","57"
"1872-11-09","22"
"1872-11-09","22"
"1872-11-16","13"
"1872-11-16","5"
"1872-11-16","7"
"1872-11-16","2"
"1872-11-16","7"
"1872-11-23","20"
"1872-11-23","12"
"1872-11-23","25"
"1872-11-23","16"
"1872-11-23","33"
"1872-11-30","3"
"1872-11-30","13"
"1872-11-30","12"
"1872-11-30","8"
"1872-11-30","28"
"1872-12-07","3"
"1872-12-07","21"
"1872-12-07","19"
"1872-12-07","28"
"1872-12-07","12"
"1872-12-14","22"
"1872-12-14","4"
"1872-12-14","20"
"1872-12-14","24"
"1872-12-14","18"
"1872-12-21","3"
"1872-12-21","13"
"1872-12-21","10"
"1872-12-21","4"
"1872-12-21","13"
"1872-12-28","6"
"1872-12-28","20"
"1872-12-28","36"
"1872-12-28","9"
"1872-12-28","42"
"1873-01-04","11"
"1873-01-04","3"
"1873-01-04","48"
"1873-01-04","75"
"1873-01-04","4"
"1873-01-11","2"
"1873-01-11","40"
"1873-01-11","28"
"1873-01-11","43"
"1873-01-11","30"
"1873-01-18","22"
"1873-01-18","36"
"1873-01-18","24"
"1873-01-18","26"
"1873-01-18","35"
"1873-01-25","6"
"1873-01-25","2"
"1873-01-25","7"
"1873-01-25","15"
"1873-01-25","5"
"1873-02-01","8"
"1873-02-01","14"
"1873-02-01","10"
"1873-02-01","3"
"1873-02-01","21"
"1873-02-08","48"
"1873-02-08","6"
"1873-02-08","6"
"1873-02-08","3"
"1873-02-08","1"
"1873-02-15","81"
"1873-02-15","12"
"1873-02-15","1"
"1873-02-15","11"
"1873-02-15","3"
"1873-02-22","2"
"1873-02-22","3"
"1873-02-22","51"
"1873-02-22","2"
"1873-02-22","1"
"1873-03-01","6"
"1873-03-01","15"
"1873-03-01","8"
"1873-03-01","27"
"1873-03-01","6"
"1873-03-08","17"
"1873-03-08","15"
"1873-03-08","4"
"1873-03-08","46"
"1873-03-08","9"
"1873-03-15","1"
"1873-03-15","72"
"1873-03-15","1"
"1873-03-15","8"
"1873-03-15","4"
"1873-03-22","3"
"1873-03-22","1"
"1873-03-22","12"
"1873-03-22","14"
"1873-03-22","16"
"1873-03-29","21"
"1873-03-29","14"
"1873-03-29","23"
"1873-03-29","5"
"1873-03-29","12"
"1873-04-05","23"
"1873-04-05","28"
"1873-04-05","10"
"1873-04-05","3"
"1873-04-05","22"
"1873-04-12","22"
"1873-04-12","34"
"1873-04-12","53"
"1873-04-12","29"
"1873-04-12","31"
"1873-04-19","10"
"1873-04-19","13"
"1873-04-19","6"
"1873-04-19","24"
"1873-04-19","26"
"1873-04-26","17"
"1873-04-26","32"
"1873-04-26","19"
"1873-04-26","26"
"1873-04-26","35"
"1873-05-03","16"
"1873-05-03","87"
"1873-05-03","19"
"1873-05-03","3"
"1873-05-03","29"
"1873-05-10","4"
"1873-05-10","35"
"1873-05-10","11"
"1873-05-10","12"
"1873-05-10","2"
"1873-05-17","19"
"1873-05-17","15"
"1873-05-17","19"
"1873-05-17","15"
"1873-05-17","8"
"1873-05-24","17"
"1873-05-24","19"
"1873-05-24","8"
"1873-05-24","2"
"1873-05-24","3"
"1873-05-31","4"
"1873-05-31","7"
"1873-05-31","6"
"1873-05-31","27"
"1873-05-31","6"
"1873-06-07","29"
"1873-06-07","21"
"1873-06-07","70"
"1873-06-07","3"
"1873-06-07","3"
"1873-06-14","76"
"1873-06-14","16"
"1873-06-14","5"
"1873-06-14","5"
"1873-06-14","51"
"1873-06-21","38"
"1873-06-21","15"
"1873-06-21","7"
"1873-06-21","32"
"1873-06-21","12"
"1873-06-28","33"
"1873-06-28","15"
"1873-06-28","14"
"1873-06-28","54"
"1873-06-28","21"
"1873-07-05","3"
"1873-07-05","19"
"1873-07-05","14"
"1873-07-05","37"
"1873-07-05","18"
"1873-07-12","16"
"1873-07-12","7"
"1873-07-12","5"
"1873-07-12","15"
"1873-07-12","1"
"1873-07-19","14"
"1873-07-19","18"
"1873-07-19","50"
"1873-07-19","12"
"1873-07-19","15"
"1873-07-26","1"
"1873-07-26","5"
"1873-07-26","21"
"1873-07-26","1"
"1873-07-26","8"
"1873-08-02","32"
"1873-08-02","18"
"1873-08-02","14"
"1873-08-02","11"
"1873-08-02","5"
"1873-08-09","2"
"1873-08-09","1"
"1873-08-09","20"
"1873-08-09","44"
"1873-08-09","11"
"1873-08-16","4"
"1873-08-16","10"
"1873-08-16","16"
"1873-08-16","7"
"1873-08-16","19"
"1873-08-23","62"
"1873-08-23","1"
"1873-08-23","38"
"1873-08-23","8"
"1873-08-23","64"
"1873-08-30","13"
"1873-08-30","1"
"1873-08-30","36"
"1873-08-30","1"
"1873-08-30","56"
"1873-09-06","3"
"1873-09-06","4"
"1873-09-06","11"
"1873-09-06","1"
"1873-09-06","98"
"1873-09-13","33"
"1873-09-13","19"
"1873-09-13","7"
"1873-09-13","16"
"1873-09-13","27"
"1873-09-20","10"
"1873-09-20","1"
"1873-09-20","67"
"1873-09-20","19"
"1873-09-20","13"
"1873-09-27","7"
"1873-09-27","9"
"1873-09-27","21"
"1873-09-27","7"
"1873-09-27","4"
"1873-10-04","15"
"1873-10-04","5"
"1873-10-04","24"
"1873-10-04","14"
"1873-10-04","2"
"1873-10-11","2"
"1873-10-11","78"
"1873-10-11","14"
"1873-10-11","30"
"1873-10-11","10"
"1873-10-18","1"
"1873-10-18","1"
"1873-10-18","38"
"1873-10-18","1"
"1873-10-18","10"
"1873-10-25","1"
"1873-10-25","20"
"1873-10-25","3"
"1873-10-25","4"
"1873-10-25","10"
"1873-11-01","8"
"1873-11-01","27"
"1873-11-01","35"
"1873-11-01","11"
"1873-11-01","6"
"1873-11-08","8"
"1873-11-08","55"
"1873-11-08","2"
"1873-11-08","6"
"1873-11-08","1"
"1873-11-15","8"
"1873-11-15","4"
"1873-11-15","48"
"1873-11-15","3"
"1873-11-15","23"
"1873-11-22","3"
"1873-11-22","2"
"1873-11-22","50"
"1873-11-22","1"
"1873-11-22","33"
"1873-11-29","56"
"1873-11-29","24"
"1873-11-29","19"
"1873-11-29","25"
"1873-11-29","1"
"1873-12-06","28"
"1873-12-06","22"
"1873-12-06","13"
"1873-12-06","12"
"1873-12-06","27"
"1873-12-13","16"
"1873-12-13","4"
"1873-12-13","16"
"1873-12-13","12"
"1873-12-13","2"
"1873-12-20","30"
"1873-12-20","36"
"1873-12-20","26"
"1873-12-20","77"
"1873-12-20","8"
"1873-12-27","3"
"1873-12-27","24"
"1873-12-27","9"
"1873-12-27","45"
"1873-12-27","36"
"1874-01-03","17"
"1874-01-03","14"
"1874-01-03","18"
"1874-01-03","6"
"1874-01-03","5"
"1874-01-10","9"
"1874-01-10","2"
"1874-01-10","24"
"1874-01-10","4"
"1874-01-10","16"
"1874-01-17","31"
"1874-01-17","1"
"1874-01-17","6"
"1874-01-17","1"
"1874-01-17","14"
"1874-01-24","11"
"1874-01-24","4"
"1874-01-24","22"
"1874-01-24","6"
"1874-01-24","44"
"1874-01-31","24"
"1874-01-31","33"
"1874-01-31","10"
"1874-01-31","14"
"1874-01-31","1"
"1874-02-07","6"
"1874-02-07","31"
"1874-02-07","3"
"1874-02-07","7"
"1874-02-07","4"
"1874-02-14","10"
"1874-02-14","15"
"1874-02-14","30"
"1874-02-14","31"
"1874-02-14","1"
"1874-02-21","8"
"1874-02-21","40"
"1874-02-21","18"
"1874-02-21","15"
"1874-02-21","52"
"1874-02-28","3"
"1874-02-28","4"
"1874-02-28","1"
"1874-02-28","5"
"1874-02-28","1"
"1874-03-07","4"
"1874-03-07","55"
"1874-03-07","16"
"1874-03-07","9"
"1874-03-07","14"
"1874-03-14","12"
"1874-03-14","10"
"1874-03-14","6"
"1874-03-14","3"
"1874-03-14","66"
"1874-03-21","1"
"1874-03-21","13"
"1874-03-21","32"
"1874-03-21","2"
"1874-03-21","15"
"1874-03-28","17"
"1874-03-28","69"
"1874-03-28","6"
"1874-03-28","49"
"1874-03-28","56"
"1874-04-04","26"
"1874-04-04","31"
"1874-04-04","1"
"1874-04-04","52"
"1874-04-04","14"
"1874-04-11","20"
"1874-04-11","3"
"1874-04-11","11"
"1874-04-11","1"
"1874-04-11","13"
"1874-04-18","9"
"1874-04-18","9"
"1874-04-18","37"
"1874-04-18","54"
"1874-04-18","13"
"1874-04-25","7"
"1874-04-25","2"
"1874-04-25","47"
"1874-04-25","9"
"1874-04-25","38"
"1874-05-02","34"
"1874-05-02","3"
"1874-05-02","14"
"1874-05-02","19"
"1874-05-02","20"
"1874-05-09","14"
"1874-05-09","11"
"1874-05-09","22"
"1874-05-09","26"
"1874-05-09","32"
"1874-05-16","17"
"1874-05-16","8"
"1874-05-16","4"
"1874-05-16","19"
"1874-05-16","32"
"1874-05-23","7"
"1874-05-23","53"
"1874-05-23","27"
"1874-05-23","2"
"1874-05-23","7"
"1874-05-30","2"
"1874-05-30","4"
"1874-05-30","32"
"1874-05-30","12"
"1874-05-30","44"
"1874-06-06","28"
"1874-06-06","38"
"1874-06-06","14"
"1874-06-06","22"
"1874-06-06","6"
"1874-06-13","6"
"1874-06-13","5"
"1874-06-13","17"
"1874-06-13","34"
"1874-06-13","6"
"1874-06-20","6"
"1874-06-20","14"
"1874-06-20","53"
"1874-06-20","3"
"1874-06-20","3"
"1874-06-27","1"
"1874-06-27","16"
"1874-06-27","5"
"1874-06-27","50"
"1874-06-27","17"
"1874-07-04","52"
"1874-07-04","2"
"1874-07-04","15"
"1874-07-04","38"
"1874-07-04","33"
"1874-07-11","23"
"1874-07-11","27"
"1874-07-11","5"
"1874-07-11","25"
"1874-07-11","17"
"1874-07-18","13"
"1874-07-18","10"
"1874-07-18","9"
"1874-07-18","8"
"1874-07-18","3"
"1874-07-25","12"
"1874-07-25","25"
"1874-07-25","20"
"1874-07-25","60"
"1874-07-25","21"
"1874-08-01","29"
"1874-08-01","10"
"1874-08-01","9"
"1874-08-01","57"
"1874-08-01","12"
"1874-08-08","34"
"1874-08-08","7"
"1874-08-08","1"
"1874-08-08","4"
"1874-08-08","6"
"1874-08-15","13"
"1874-08-15","7"
"1874-08-15","54"
"1874-08-15","6"
"1874-08-15","17"
"1874-08-22","10"
"1874-08-22","4"
"1874-08-22","10"
"1874-08-22","11"
"1874-08-22","7"
"1874-08-29","4"
"1874-08-29","3"
"1874-08-29","1"
"1874-08-29","14"
"1874-08-29","22"
"1874-09-05","6"
"1874-09-05","1"
"1874-09-05","32"
"1874-09-05","21"
"1874-09-05","9"
"1874-09-12","45"
"1874-09-12","30"
"1874-09-12","4"
"1874-09-12","19"
"1874-09-12","53"
"1874-09-19","25"
"1874-09-19","9"
"1874-09-19","9"
"1874-09-19","50"
"1874-09-19","23"
"1874-09-26","2"
"1874-09-26","22"
"1874-09-26","9"
"1874-09-26","2"
"1874-09-26","15"
"1874-10-03","20"
"1874-10-03","12"
"1874-10-03","17"
"1874-10-03","12"
"1874-10-03","24"
"1874-10-10","26"
"1874-10-10","4"
"1874-10-10","12"
"1874-10-10","15"
"1874-10-10","4"
"1874-10-17","7"
"1874-10-17","4"
"1874-10-17","6"
"1874-10-17","33"
"1874-10-17","1"
"1874-10-24","17"
"1874-10-24","2"
"1874-10-24","12"
"1874-10-24","30"
"1874-10-24","26"
"1874-10-31","33"
"1874-10-31","20"
"1874-10-31","38"
"1874-10-31","59"
"1874-10-31","4"
"1874-11-07","11"
"1874-11-07","20"
"1874-11-07","29"
"1874-11-07","69"
"1874-11-07","13"
"1874-11-14","1"
"1874-11-14","8"
"1874-11-14","7"
"1874-11-14","22"
"1874-11-14","18"
"1874-11-21","4"
"1874-11-21","35"
"1874-11-21","3"
"1874-11-21","38"
"1874-11-21","9"
"1874-11-28","3"
"1874-11-28","2"
"1874-11-28","14"
"1874-11-28","14"
"1874-11-28","7"
"1874-12-05","7"
"1874-12-05","5"
"1874-12-05","16"
"1874-12-05","15"
"1874-12-05","16"
"1874-12-12","10"
"1874-12-12","58"
"1874-12-12","14"
"1874-12-12","29"
"1874-12-12","10"
"1874-12-19","13"
"1874-12-19","2"
"1874-12-19","52"
"1874-12-19","6"
"1874-12-19","4"
"1874-12-26","30"
"1874-12-26","3"
"1874-12-26","15"
"1874-12-26","5"
"1874-12-26","29"
"1875-01-02","14"
"1875-01-02","1"
"1875-01-02","7"
"1875-01-02","33"
"1875-01-02","55"
"1875-01-09","42"
"1875-01-09","11"
"1875-01-09","18"
"1875-01-09","19"
"1875-01-09","22"
"1875-01-16","13"
"1875-01-16","28"
"1875-01-16","7"
"1875-01-16","44"
"1875-01-16","5"
"1875-01-23","13"
"1875-01-23","89"
"1875-01-23","1"
"1875-01-23","23"
"1875-01-23","6"
"1875-01-30","11"
"1875-01-30","25"
"1875-01-30","6"
"1875-01-30","54"
"1875-01-30","1"
"1875-02-06","6"
"1875-02-06","15"
"1875-02-06","22"
"1875-02-06","22"
"1875-02-06","29"
"1875-02-13","8"
"1875-02-13","17"
"1875-02-13","4"
"1875-02-13","19"
"1875-02-13","7"
"1875-02-20","21"
"1875-02-20","9"
"1875-02-20","13"
"1875-02-20","30"
"1875-02-20","22"
"1875-02-27","44"
"1875-02-27","11"
"1875-02-27","10"
"1875-02-27","22"
"1875-02-27","13"
"1875-03-06","10"
"1875-03-06","27"
"1875-03-06","66"
"1875-03-06","1"
"1875-03-06","31"
"1875-03-13","5"
"1875-03-13","5"
"1875-03-13","14"
"1875-03-13","30"
"1875-03-13","9"
"1875-03-20","36"
"1875-03-20","6"
"1875-03-20","18"
"1875-03-20","8"
"1875-03-20","15"
"1875-03-27","12"
"1875-03-27","17"
"1875-03-27","15"
"1875-03-27","11"
"1875-03-27","4"
"1875-04-03","6"
"1875-04-03","14"
"1875-04-03","34"
"1875-04-03","52"
"1875-04-03","11"
"1875-04-10","42"
"1875-04-10","6"
"1875-04-10","10"
"1875-04-10","6"
"1875-04-10","23"
"1875-04-17","4"
"1875-04-17","23"
"1875-04-17","6"
"1875-04-17","8"
"1875-04-17","23"
"1875-04-24","22"
"1875-04-24","19"
"1875-04-24","2"
"1875-04-24","52"
"1875-04-24","56"
"1875-05-01","2"
"1875-05-01","10"
"1875-05-01","7"
"1875-05-01","8"
"1875-05-01","26"
"1875-05-08","6"
"1875-05-08","32"
"1875-05-08","3"
"1875-05-08","8"
"1875-05-08","1"
"1875-05-15","3"
"1875-05-15","3"
"1875-05-15","58"
"1875-05-15","7"
"1875-05-15","30"
"1875-05-22","6"
"1875-05-22","18"
"1875-05-22","25"
"1875-05-22","31"
"1875-05-22","10"
"1875-05-29","15"
"1875-05-29","33"
"1875-05-29","2"
"1875-05-29","47"
"1875-05-29","20"
"1875-06-05","19"
"1875-06-05","17"
"1875-06-05","13"
"1875-06-05","21"
"1875-06-05","1"
"1875-06-12","9"
"1875-06-12","2"
"1875-06-12","1"
"1875-06-12","5"
"1875-06-12","23"
"1875-06-19","20"
"1875-06-19","2"
"1875-06-19","8"
"1875-06-19","4"
"1875-06-19","34"
"1875-06-26","20"
"1875-06-26","21"
"1875-06-26","72"
"1875-06-26","18"
"1875-06-26","47"
"1875-07-03","3"
"1875-07-03","3"
"1875-07-03","26"
"1875-07-03","28"
"1875-07-03","23"
"1875-07-10","14"
"1875-07-10","15"
"1875-07-10","34"
"1875-07-10","16"
"1875-07-10","23"
"1875-07-17","11"
"1875-07-17","4"
"1875-07-17","8"
"1875-07-17","3"
"1875-07-17","32"
"1875-07-24","10"
"1875-07-24","22"
"1875-07-24","2"
"1875-07-24","47"
"1875-07-24","14"
"1875-07-31","8"
"1875-07-31","2"
"1875-07-31","3"
"1875-07-31","1"
"1875-07-31","6"
"1875-08-07","55"
"1875-08-07","14"
"1875-08-07","18"
"1875-08-07","14"
"1875-08-07","12"
"1875-08-14","12"
"1875-08-14","30"
"1875-08-14","8"
"1875-08-14","31"
"1875-08-14","11"
"1875-08-21","1"
"1875-08-21","33"
"1875-08-21","5"
"1875-08-21","11"
"1875-08-21","20"
"1875-08-28","15"
"1875-08-28","12"
"1875-08-28","6"
"1875-08-28","3"
"1875-08-28","13"
"1875-09-04","15"
"1875-09-04","25"
"1875-09-04","154"
"1875-09-04","23"
"1875-09-04","6"
"1875-09-11","30"
"1875-09-11","4"
"1875-09-11","11"
"1875-09-11","10"
"1875-09-11","6"
"1875-09-18","6"
"1875-09-18","13"
"1875-09-18","13"
"1875-09-18","6"
"1875-09-18","8"
"1875-09-25","32"
"1875-09-25","11"
"1875-09-25","1"
"1875-09-25","10"
"1875-09-25","15"
"1875-10-02","10"
"1875-10-02","18"
"1875-10-02","31"
"1875-10-02","19"
"1875-10-02","35"
"1875-10-09","29"
"1875-10-09","11"
"1875-10-09","1"
"1875-10-09","14"
"1875-10-09","14"
"1875-10-16","23"
"1875-10-16","3"
"1875-10-16","2"
"1875-10-16","7"
"1875-10-16","2"
"1875-10-23","11"
"1875-10-23","1"
"1875-10-23","39"
"1875-10-23","51"
"1875-10-23","28"
"1875-10-30","29"
"1875-10-30","4"
"1875-10-30","5"
"1875-10-30","5"
"1875-10-30","7"
"1875-11-06","11"
"1875-11-06","8"
"1875-11-06","3"
"1875-11-06","18"
"1875-11-06","27"
"1875-11-13","27"
"1875-11-13","39"
"1875-11-13","13"
"1875-11-13","17"
"1875-11-13","27"
"1875-11-20","11"
"1875-11-20","6"
"1875-11-20","28"
"1875-11-20","13"
"1875-11-20","5"
"1875-11-27","5"
"1875-11-27","10"
"1875-11-27","14"
"1875-11-27","2"
"1875-11-27","7"
"1875-12-04","15"
"1875-12-04","11"
"1875-12-04","12"
"1875-12-04","1"
"1875-12-04","14"
"1875-12-11","5"
"1875-12-11","55"
"1875-12-11","5"
"1875-12-11","40"
"1875-12-11","43"
"1875-12-18","7"
"1875-12-18","25"
"1875-12-18","8"
"1875-12-18","1"
"1875-12-18","15"
"1875-12-25","24"
"1875-12-25","82"
"1875-12-25","64"
"1875-12-25","14"
"1875-12-25","16"
"1876-01-01","6"
"1876-01-01","36"
"1876-01-01","4"
"1876-01-01","3"
"1876-01-01","37"
"1876-01-08","19"
"1876-01-08","7"
"1876-01-08","5"
"1876-01-08","42"
"1876-01-08","10"
"1876-01-15","59"
"1876-01-15","23"
"1876-01-15","18"
"1876-01-15","54"
"1876-01-15","5"
"1876-01-22","7"
"1876-01-22","5"
"1876-01-22","3"
"1876-01-22","40"
"1876-01-22","29"
"1876-01-29","33"
"1876-01-29","15"
"1876-01-29","2"
"1876-01-29","24"
"1876-01-29","17"
"1876-02-05","22"
"1876-02-05","46"
"1876-02-05","19"
"1876-02-05","32"
"1876-02-05","87"
"1876-02-12","18"
"1876-02-12","1"
"1876-02-12","1"
"1876-02-12","5"
"1876-02-12","5"
"1876-02-19","4"
"1876-02-19","32"
"1876-02-19","24"
"1876-02-19","9"
"1876-02-19","1"
"1876-02-26","15"
"1876-02-26","9"
"1876-02-26","26"
"1876-02-26","20"
"1876-02-26","14"
"1876-03-04","5"
"1876-03-04","48"
"1876-03-04","16"
"1876-03-04","31"
"1876-03-04","9"
"1876-03-11","8"
"1876-03-11","85"
"1876-03-11","1"
"1876-03-11","1"
"1876-03-11","3"
"1876-03-18","7"
"1876-03-18","21"
"1876-03-18","29"
"1876-03-18","12"
"1876-03-18","7"
"1876-03-25","39"
"1876-03-25","17"
"1876-03-25","6"
"1876-03-25","9"
"1876-03-25","129"
"1876-04-01","15"
"1876-04-01","6"
"1876-04-01","7"
"1876-04-01","1"
"1876-04-01","4"
"1876-04-08","3"
"1876-04-08","23"
"1876-04-08","21"
"1876-04-08","12"
"1876-04-08","10"
"1876-04-15","20"
"1876-04-15","27"
"1876-04-15","23"
"1876-04-15","23"
"1876-04-15","9"
"1876-04-22","7"
"1876-04-22","6"
"1876-04-22","7"
"1876-04-22","3"
"1876-04-22","1"
"1876-04-29","20"
"1876-04-29","7"
"1876-04-29","10"
"1876-04-29","37"
"1876-04-29","26"
"1876-05-06","40"
"1876-05-06","2"
"1876-05-06","5"
"1876-05-06","7"
"1876-05-06","13"
"1876-05-13","8"
"1876-05-13","83"
"1876-05-13","9"
"1876-05-13","5"
"1876-05-13","2"
"1876-05-20","12"
"1876-05-20","12"
"1876-05-20","42"
"1876-05-20","17"
"1876-05-20","16"
"1876-05-27","64"
"1876-05-27","1"
"1876-05-27","40"
"1876-05-27","4"
"1876-05-27","13"
"1876-06-03","27"
"1876-06-03","1"
"1876-06-03","14"
"1876-06-03","27"
"1876-06-03","3"
"1876-06-10","45"
"1876-06-10","38"
"1876-06-10","12"
"1876-06-10","37"
"1876-06-10","22"
"1876-06-17","12"
"1876-06-17","4"
"1876-06-17","27"
"1876-06-17","4"
"1876-06-17","23"
"1876-06-24","7"
"1876-06-24","26"
"1876-06-24","2"
"1876-06-24","4"
"1876-06-24","22"
"1876-07-01","1"
"1876-07-01","30"
"1876-07-01","5"
"1876-07-01","4"
"1876-07-01","2"
"1876-07-08","3"
"1876-07-08","17"
"1876-07-08","25"
"1876-07-08","6"
"1876-07-08","4"
"1876-07-15","38"
"1876-07-15","29"
"1876-07-15","14"
"1876-07-15","70"
"1876-07-15","21"
"1876-07-22","4"
"1876-07-22","27"
"1876-07-22","6"
"1876-07-22","4"
"1876-07-22","22"
"1876-07-29","6"
"1876-07-29","16"
"1876-07-29","3"
"1876-07-29","10"
"1876-07-29","31"
"1876-08-05","71"
"1876-08-05","26"
"1876-08-05","64"
"1876-08-05","3"
"1876-08-05","19"
"1876-08-12","9"
"1876-08-12","13"
"1876-08-12","1"
"1876-08-12","3"
"1876-08-12","5"
"1876-08-19","39"
"1876-08-19","2"
"1876-08-19","43"
"1876-08-19","15"
"1876-08-19","18"
"1876-08-26","70"
"1876-08-26","40"
"1876-08-26","17"
"1876-08-26","1"
"1876-08-26","20"
"1876-09-02","19"
"1876-09-02","18"
"1876-09-02","42"
"1876-09-02","44"
"1876-09-02","29"
"1876-09-09","33"
"1876-09-09","10"
"1876-09-09","2"
"1876-09-09","16"
"1876-09-09","8"
"1876-09-16","2"
"1876-09-16","22"
"1876-09-16","26"
"1876-09-16","1"
"1876-09-16","7"
"1876-09-23","2"
"1876-09-23","8"
"1876-09-23","3"
"1876-09-23","54"
"1876-09-23","10"
"1876-09-30","7"
"1876-09-30","23"
"1876-09-30","6"
"1876-09-30","1"
"1876-09-30","21"
"1876-10-07","18"
"1876-10-07","15"
"1876-10-07","11"
"1876-10-07","18"
"1876-10-07","6"
"1876-10-14","28"
"1876-10-14","3"
"1876-10-14","2"
"1876-10-14","9"
"1876-10-14","7"
"1876-10-21","25"
"1876-10-21","53"
"1876-10-21","12"
"1876-10-21","3"
"1876-10-21","28"
"1876-10-28","31"
"1876-10-28","6"
"1876-10-28","2"
"1876-10-28","45"
"1876-10-28","17"
"1876-11-04","11"
"1876-11-04","5"
"1876-11-04","44"
"1876-11-04","15"
"1876-11-04","7"
"1876-11-11","7"
"1876-11-11","19"
"1876-11-11","9"
"1876-11-11","11"
"1876-11-11","44"
"1876-11-18","3"
"1876-11-18","14"
"1876-11-18","14"
"1876-11-18","3"
"1876-11-18","50"
"1876-11-25","15"
"1876-11-25","5"
"1876-11-25","3"
"1876-11-25","16"
"1876-11-25","19"
"1876-12-02","11"
"1876-12-02","15"
"1876-12-02","21"
"1876-12-02","48"
"1876-12-02","22"
"1876-12-09","34"
"1876-12-09","25"
"1876-12-09","28"
"1876-12-09","44"
"1876-12-09","9"
"1876-12-16","10"
"1876-12-16","23"
"1876-12-16","23"
"1876-12-16","4"
"1876-12-16","20"
"1876-12-23","1"
"1876-12-23","28"
"1876-12-23","2"
"1876-12-23","10"
"1876-12-23","10"
"1876-12-30","21"
"1876-12-30","14"
"1876-12-30","2"
"1876-12-30","16"
"1876-12-30","17"
"1877-01-06","19"
"1877-01-06","18"
"1877-01-06","55"
"1877-01-06","25"
"1877-01-06","9"
"1877-01-13","10"
"1877-01-13","1"
"1877-01-13","8"
"1877-01-13","7"
"1877-01-13","8"
"1877-01-20","22"
"1877-01-20","3"
"1877-01-20","42"
"1877-01-20","84"
"1877-01-20","6"
"1877-01-27","12"
"1877-01-27","1"
"1877-01-27","5"
"1877-01-27","6"
"1877-01-27","13"
"1877-02-03","22"
"1877-02-03","15"
"1877-02-03","12"
"1877-02-03","9"
"1877-02-03","15"
"1877-02-10","20"
"1877-02-10","1"
"1877-02-10","11"
"1877-02-10","6"
"1877-02-10","7"
"1877-02-17","40"
"1877-02-17","3"
"1877-02-17","46"
"1877-02-17","7"
"1877-02-17","20"
"1877-02-24","38"
"1877-02-24","6"
"1877-02-24","4"
"1877-02-24","4"
"1877-02-24","44"
"1877-03-03","69"
"1877-03-03","6"
"1877-03-03","5"
"1877-03-03","11"
"1877-03-03","4"
"1877-03-10","7"
"1877-03-10","52"
"1877-03-10","44"
"1877-03-10","40"
"1877-03-10","1"
"1877-03-17","5"
"1877-03-17","10"
"1877-03-17","51"
"1877-03-17","4"
"1877-03-17","37"
"1877-03-24","11"
"1877-03-24","7"
"1877-03-24","2"
"1877-03-24","10"
"1877-03-24","24"
"1877-03-31","20"
"1877-03-31","65"
"1877-03-31","11"
"1877-03-31","29"
"1877-03-31","6"
"1877-04-07","23"
"1877-04-07","2"
"1877-04-07","47"
"1877-04-07","3"
"1877-04-07","3"
"1877-04-14","24"
"1877-04-14","3"
"1877-04-14","6"
"1877-04-14","27"
"1877-04-14","16"
"1877-04-21","37"
"1877-04-21","19"
"1877-04-21","43"
"1877-04-21","39"
"1877-04-21","3"
"1877-04-28","25"
"1877-04-28","9"
"1877-04-28","50"
"1877-04-28","7"
"1877-04-28","39"
"1877-05-05","21"
"1877-05-05","1"
"1877-05-05","23"
"1877-05-05","16"
"1877-05-05","5"
"1877-05-12","6"
"1877-05-12","26"
"1877-05-12","14"
"1877-05-12","14"
"1877-05-12","7"
"1877-05-19","17"
"1877-05-19","13"
"1877-05-19","4"
"1877-05-19","26"
"1877-05-19","25"
"1877-05-26","65"
"1877-05-26","1"
"1877-05-26","15"
"1877-05-26","32"
"1877-05-26","5"
"1877-06-02","5"
"1877-06-02","11"
"1877-06-02","8"
"1877-06-02","9"
"1877-06-02","7"
"1877-06-09","3"
"1877-06-09","9"
"1877-06-09","30"
"1877-06-09","15"
"1877-06-09","7"
"1877-06-16","8"
"1877-06-16","11"
"1877-06-16","15"
"1877-06-16","5"
"1877-06-16","18"
"1877-06-23","19"
"1877-06-23","3"
"1877-06-23","26"
"1877-06-23","3"
"1877-06-23","37"
"1877-06-30","12"
"1877-06-30","5"
"1877-06-30","3"
"1877-06-30","2"
"1877-06-30","7"
"1877-07-07","25"
"1877-07-07","40"
"1877-07-07","23"
"1877-07-07","1"
"1877-07-07","12"
"1877-07-14","3"
"1877-07-14","6"
"1877-07-14","17"
"1877-07-14","27"
"1877-07-14","10"
"1877-07-21","2"
"1877-07-21","120"
"1877-07-21","1"
"1877-07-21","5"
"1877-07-21","7"
"1877-07-28","11"
"1877-07-28","66"
"1877-07-28","34"
"1877-07-28","27"
"1877-07-28","13"
"1877-08-04","4"
"1877-08-04","2"
"1877-08-04","11"
"1877-08-04","46"
"1877-08-04","22"
"1877-08-11","3"
"1877-08-11","6"
"1877-08-11","18"
"1877-08-11","11"
"1877-08-11","4"
"1877-08-18","3"
"1877-08-18","48"
"1877-08-18","5"
"1877-08-18","6"
"1877-08-18","37"
"1877-08-25","3"
"1877-08-25","3"
"1877-08-25","7"
"1877-08-25","38"
"1877-08-25","15"
"1877-09-01","6"
"1877-09-01","17"
"1877-09-01","3"
"1877-09-01","40"
"1877-09-01","58"
"1877-09-08","24"
"1877-09-08","2"
"1877-09-08","12"
"1877-09-08","5"
"1877-09-08","26"
"1877-09-15","1"
"1877-09-15","27"
"1877-09-15","4"
"1877-09-15","31"
"1877-09-15","30"
"1877-09-22","10"
"1877-09-22","8"
"1877-09-22","1"
"1877-09-22","42"
"1877-09-22","14"
"1877-09-29","10"
"1877-09-29","39"
"1877-09-29","12"
"1877-09-29","2"
"1877-09-29","5"
"1877-10-06","43"
"1877-10-06","2"
"1877-10-06","2"
"1877-10-06","15"
"1877-10-06","4"
"1877-10-13","23"
"1877-10-13","29"
"1877-10-13","26"
"1877-10-13","33"
"1877-10-13","11"
"1877-10-20","1"
"1877-10-20","35"
"1877-10-20","43"
"1877-10-20","3"
"1877-10-20","4"
"1877-10-27","71"
"1877-10-27","25"
"1877-10-27","8"
"1877-10-27","42"
"1877-10-27","80"
"1877-11-03","30"
"1877-11-03","24"
"1877-11-03","14"
"1877-11-03","54"
"1877-11-03","28"
"1877-11-10","8"
"1877-11-10","2"
"1877-11-10","47"
"1877-11-10","2"
"1877-11-10","20"
"1877-11-17","15"
"1877-11-17","37"
"1877-11-17","5"
"1877-11-17","56"
"1877-11-17","6"
"1877-11-24","12"
"1877-11-24","36"
"1877-11-24","2"
"1877-11-24","15"
"1877-11-24","5"
"1877-12-01","7"
"1877-12-01","5"
"1877-12-01","9"
"1877-12-01","40"
"1877-12-01","15"
"1877-12-08","7"
"1877-12-08","19"
"1877-12-08","23"
"1877-12-08","13"
"1877-12-08","23"
"1877-12-15","35"
"1877-12-15","32"
"1877-12-15","10"
"1877-12-15","8"
"1877-12-15","8"
"1877-12-22","4"
"1877-12-22","6"
"1877-12-22","12"
"1877-12-22","19"
"1877-12-22","20"
"1877-12-29","26"
"1877-12-29","35"
"1877-12-29","19"
"1877-12-29","9"
"1877-12-29","14"
"1878-01-05","2"
"1878-01-05","59"
"1878-01-05","5"
"1878-01-05","20"
"1878-01-05","4"
"1878-01-12","20"
"1878-01-12","20"
"1878-01-12","4"
"1878-01-12","39"
"1878-01-12","9"
"1878-01-19","2"
"1878-01-19","11"
"1878-01-19","30"
"1878-01-19","19"
"1878-01-19","32"
"1878-01-26","2"
"1878-01-26","10"
"1878-01-26","8"
"1878-01-26","17"
"1878-01-26","22"
"1878-02-02","8"
"1878-02-02","25"
"1878-02-02","4"
"1878-02-02","5"
"1878-02-02","68"
"1878-02-09","11"
"1878-02-09","2"
"1878-02-09","23"
"1878-02-09","65"
"1878-02-09","1"
"1878-02-16","3"
"1878-02-16","1"
"1878-02-16","15"
"1878-02-16","11"
"1878-02-16","26"
"1878-02-23","40"
"1878-02-23","8"
"1878-02-23","16"
"1878-02-23","39"
"1878-02-23","5"
"1878-03-02","5"
"1878-03-02","9"
"1878-03-02","23"
"1878-03-02","10"
"1878-03-02","21"
"1878-03-09","39"
"1878-03-09","16"
"1878-03-09","3"
"1878-03-09","13"
"1878-03-09","40"
"1878-03-16","19"
"1878-03-16","39"
"1878-03-16","5"
"1878-03-16","1"
"1878-03-16","9"
"1878-03-23","5"
"1878-03-23","20"
"1878-03-23","9"
"1878-03-23","9"
"1878-03-23","3"
"1878-03-30","17"
"1878-03-30","8"
"1878-03-30","9"
"1878-03-30","2"
"1878-03-30","33"
"1878-04-06","58"
"1878-04-06","13"
"1878-04-06","37"
"1878-04-06","1"
"1878-04-06","16"
"1878-04-13","6"
"1878-04-13","50"
"1878-04-13","15"
"1878-04-13","5"
"1878-04-13","16"
"1878-04-20","18"
"1878-04-20","31"
"1878-04-20","2"
"1878-04-20","20"
"1878-04-20","47"
"1878-04-27","29"
"1878-04-27","4"
"1878-04-27","41"
"1878-04-27","4"
"1878-04-27","15"
"1878-05-04","4"
"1878-05-04","2"
"1878-05-04","20"
"1878-05-04","11"
"1878-05-04","28"
"1878-05-11","3"
"1878-05-11","52"
"1878-05-11","28"
"1878-05-11","4"
"1878-05-11","46"
"1878-05-18","18"
"1878-05-18","23"
"1878-05-18","62"
"1878-05-18","3"
"1878-05-18","10"
"1878-05-25","27"
"1878-05-25","50"
"1878-05-25","2"
"1878-05-25","12"
"1878-05-25","9"
"1878-06-01","16"
"1878-06-01","6"
"1878-06-01","10"
"1878-06-01","13"
"1878-06-01","7"
"1878-06-08","11"
"1878-06-08","4"
"1878-06-08","20"
"1878-06-08","24"
"1878-06-08","75"
"1878-06-15","37"
"1878-06-15","35"
"1878-06-15","6"
"1878-06-15","26"
"1878-06-15","2"
"1878-06-22","19"
"1878-06-22","13"
"1878-06-22","28"
"1878-06-22","19"
"1878-06-22","1"
"1878-06-29","23"
"1878-06-29","32"
"1878-06-29","5"
"1878-06-29","25"
"1878-06-29","5"
"1878-07-06","1"
"1878-07-06","13"
"1878-07-06","10"
"1878-07-06","7"
"1878-07-06","14"
"1878-07-13","21"
"1878-07-13","35"
"1878-07-13","5"
"1878-07-13","10"
"1878-07-13","3"
"1878-07-20","115"
"1878-07-20","10"
"1878-07-20","2"
"1878-07-20","19"
"1878-07-20","9"
"1878-07-27","3"
"1878-07-27","6"
"1878-07-27","7"
"1878-07-27","1"
"1878-07-27","6"
"1878-08-03","6"
"1878-08-03","23"
"1878-08-03","20"
"1878-08-03","16"
"1878-08-03","8"
"1878-08-10","33"
"1878-08-10","3"
"1878-08-10","3"
"1878-08-10","1"
"1878-08-10","14"
"1878-08-17","49"
"1878-08-17","1"
"1878-08-17","45"
"1878-08-17","6"
"1878-08-17","6"
"1878-08-24","6"
"1878-08-24","13"
"1878-08-24","2"
"1878-08-24","16"
"1878-08-24","14"
"1878-08-31","13"
"1878-08-31","16"
"1878-08-31","13"
"1878-08-31","2"
"1878-08-31","34"
"1878-09-07","10"
"1878-09-07","53"
"1878-09-07","19"
"1878-09-07","5"
"1878-09-07","6"
"1878-09-14","28"
"1878-09-14","30"
"1878-09-14","6"
"1878-09-14","29"
"1878-09-14","18"
"1878-09-21","27"
"1878-09-21","23"
"1878-09-21","3"
"1878-09-21","43"
"1878-09-21","5"
"1878-09-28","5"
"1878-09-28","34"
"1878-09-28","7"
"1878-09-28","11"
"1878-09-28","4"
"1878-10-05","20"
"1878-10-05","3"
"1878-10-05","26"
"1878-10-05","30"
"1878-10-05","57"
"1878-10-12","46"
"1878-10-12","4"
"1878-10-12","17"
"1878-10-12","5"
"1878-10-12","41"
"1878-10-19","3"
"1878-10-19","71"
"1878-10-19","10"
"1878-10-19","8"
"1878-10-19","7"
"1878-10-26","9"
"1878-10-26","12"
"1878-10-26","21"
"1878-10-26","12"
"1878-10-26","2"
"1878-11-02","20"
"1878-11-02","19"
"1878-11-02","3"
"1878-11-02","8"
"1878-11-02","36"
"1878-11-09","7"
"1878-11-09","22"
"1878-11-09","2"
"1878-11-09","4"
"1878-11-09","3"
"1878-11-16","7"
"1878-11-16","5"
"1878-11-16","12"
"1878-11-16","51"
"1878-11-16","14"
"1878-11-23","31"
"1878-11-23","8"
"1878-11-23","4"
"1878-11-23","21"
"1878-11-23","45"
"1878-11-30","19"
"1878-11-30","28"
"1878-11-30","2"
"1878-11-30","32"
"1878-11-30","4"
"1878-12-07","5"
"1878-12-07","44"
"1878-12-07","11"
"1878-12-07","6"
"1878-12-07","8"
"1878-12-14","10"
"1878-12-14","29"
"1878-12-14","3"
"1878-12-14","1"
"1878-12-14","56"
"1878-12-21","15"
"1878-12-21","40"
"1878-12-21","11"
"1878-12-21","1"
"1878-12-21","34"
"1878-12-28","6"
"1878-12-28","1"
"1878-12-28","24"
"1878-12-28","27"
"1878-12-28","15"
"1879-01-04","30"
"1879-01-04","17"
"1879-01-04","23"
"1879-01-04","1"
"1879-01-04","18"
"1879-01-11","42"
"1879-01-11","40"
"1879-01-11","50"
"1879-01-11","46"
"1879-01-11","65"
"1879-01-18","25"
"1879-01-18","38"
"1879-01-18","7"
"1879-01-18","42"
"1879-01-18","13"
"1879-01-25","9"
"1879-01-25","23"
"1879-01-25","29"
"1879-01-25","30"
"1879-01-25","11"
"1879-02-01","7"
"1879-02-01","12"
"1879-02-01","1"
"1879-02-01","20"
"1879-02-01","49"
"1879-02-08","12"
"1879-02-08","9"
"1879-02-08","15"
"1879-02-08","10"
"1879-02-08","4"
"1879-02-15","90"
"1879-02-15","14"
"1879-02-15","5"
"1879-02-15","15"
"1879-02-15","33"
"1879-02-22","25"
"1879-02-22","38"
"1879-02-22","17"
"1879-02-22","11"
"1879-02-22","4"
"1879-03-01","12"
"1879-03-01","33"
"1879-03-01","21"
"1879-03-01","2"
"1879-03-01","40"
"1879-03-08","33"
"1879-03-08","10"
"1879-03-08","7"
"1879-03-08","51"
"1879-03-08","1"
"1879-03-15","13"
"1879-03-15","25"
"1879-03-15","21"
"1879-03-15","8"
"1879-03-15","45"
"1879-03-22","7"
"1879-03-22","5"
"1879-03-22","6"
"1879-03-22","4"
"1879-03-22","6"
"1879-03-29","7"
"1879-03-29","25"
"1879-03-29","3"
"1879-03-29","18"
"1879-03-29","19"
"1879-04-05","12"
"1879-04-05","30"
"1879-04-05","11"
"1879-04-05","6"
"1879-04-05","4"
"1879-04-12","4"
"1879-04-12","17"
"1879-04-12","10"
"1879-04-12","10"
"1879-04-12","2"
"1879-04-19","14"
"1879-04-19","6"
"1879-04-19","11"
"1879-04-19","21"
"1879-04-19","4"
"1879-04-26","21"
"1879-04-26","30"
"1879-04-26","7"
"1879-04-26","13"
"1879-04-26","41"
"1879-05-03","10"
"1879-05-03","77"
"1879-05-03","3"
"1879-05-03","9"
"1879-05-03","19"
"1879-05-10","9"
"1879-05-10","26"
"1879-05-10","3"
"1879-05-10","6"
"1879-05-10","21"
"1879-05-17","2"
"1879-05-17","6"
"1879-05-17","2"
"1879-05-17","17"
"1879-05-17","19"
"1879-05-24","1"
"1879-05-24","6"
"1879-05-24","2"
"1879-05-24","8"
"1879-05-24","17"
"1879-05-31","28"
"1879-05-31","11"
"1879-05-31","32"
"1879-05-31","3"
"1879-05-31","37"
"1879-06-07","4"
"1879-06-07","27"
"1879-06-07","9"
"1879-06-07","45"
"1879-06-07","6"
"1879-06-14","17"
"1879-06-14","25"
"1879-06-14","3"
"1879-06-14","3"
"1879-06-14","46"
"1879-06-21","7"
"1879-06-21","4"
"1879-06-21","44"
"1879-06-21","19"
"1879-06-21","3"
"1879-06-28","5"
"1879-06-28","2"
"1879-06-28","27"
"1879-06-28","19"
"1879-06-28","19"
"1879-07-05","54"
"1879-07-05","18"
"1879-07-05","5"
"1879-07-05","39"
"1879-07-05","35"
"1879-07-12","26"
"1879-07-12","12"
"1879-07-12","7"
"1879-07-12","35"
"1879-07-12","2"
"1879-07-19","9"
"1879-07-19","14"
"1879-07-19","13"
"1879-07-19","7"
"1879-07-19","96"
"1879-07-26","3"
"1879-07-26","43"
"1879-07-26","17"
"1879-07-26","44"
"1879-07-26","21"
"1879-08-02","12"
"1879-08-02","6"
"1879-08-02","6"
"1879-08-02","8"
"1879-08-02","30"
"1879-08-09","17"
"1879-08-09","9"
"1879-08-09","4"
"1879-08-09","20"
"1879-08-09","4"
"1879-08-16","41"
"1879-08-16","27"
"1879-08-16","13"
"1879-08-16","10"
"1879-08-16","6"
"1879-08-23","9"
"1879-08-23","34"
"1879-08-23","34"
"1879-08-23","17"
"1879-08-23","4"
"1879-08-30","19"
"1879-08-30","3"
"1879-08-30","1"
"1879-08-30","10"
"1879-08-30","24"
"1879-09-06","14"
"1879-09-06","3"
"1879-09-06","10"
"1879-09-06","35"
"1879-09-06","13"
"1879-09-13","25"
"1879-09-13","74"
"1879-09-13","47"
"1879-09-13","13"
"1879-09-13","8"
"1879-09-20","8"
"1879-09-20","39"
"1879-09-20","2"
"1879-09-20","11"
"1879-09-20","14"
"1879-09-27","11"
"1879-09-27","8"
"1879-09-27","2"
"1879-09-27","3"
"1879-09-27","12"
"1879-10-04","12"
"1879-10-04","10"
"1879-10-04","39"
"1879-10-04","1"
"1879-10-04","87"
"1879-10-11","7"
"1879-10-11","4"
"1879-10-11","29"
"1879-10-11","17"
"1879-10-11","19"
"1879-10-18","5"
"1879-10-18","13"
"1879-10-18","28"
"1879-10-18","3"
"1879-10-18","17"
"1879-10-25","10"
"1879-10-25","4"
"1879-10-25","14"
"1879-10-25","34"
"1879-10-25","1"
"1879-11-01","9"
"1879-11-01","9"
"1879-11-01","10"
"1879-11-01","32"
"1879-11-01","3"
"1879-11-08","48"
"1879-11-08","10"
"1879-11-08","34"
"1879-11-08","2"
"1879-11-08","1"
"1879-11-15","26"
"1879-11-15","50"
"1879-11-15","7"
"1879-11-15","1"
"1879-11-15","1"
"1879-11-22","7"
"1879-11-22","15"
"1879-11-22","30"
"1879-11-22","21"
"1879-11-22","12"
"1879-11-29","19"
"1879-11-29","4"
"1879-11-29","62"
"1879-11-29","45"
"1879-11-29","32"
"1879-12-06","29"
"1879-12-06","23"
"1879-12-06","17"
"1879-12-06","15"
"1879-12-06","35"
"1879-12-13","1"
"1879-12-13","4"
"1879-12-13","49"
"1879-12-13","2"
"1879-12-13","4"
"1879-12-20","20"
"1879-12-20","19"
"1879-12-20","28"
"1879-12-20","13"
"1879-12-20","37"
"1879-12-27","22"
"1879-12-27","57"
"1879-12-27","34"
"1879-12-27","70"
"1879-12-27","6"
"1880-01-03","15"
"1880-01-03","12"
"1880-01-03","22"
"1880-01-03","22"
"1880-01-03","13"
"1880-01-10","3"
"1880-01-10","3"
"1880-01-10","37"
"1880-01-10","54"
"1880-01-10","11"
"1880-01-17","15"
"1880-01-17","14"
"1880-01-17","47"
"1880-01-17","14"
"1880-01-17","2"
"1880-01-24","8"
"1880-01-24","8"
"1880-01-24","7"
"1880-01-24","75"
"1880-01-24","6"
"1880-01-31","19"
"1880-01-31","1"
"1880-01-31","10"
"1880-01-31","19"
"1880-01-31","25"
"1880-02-07","9"
"1880-02-07","5"
"1880-02-07","3"
"1880-02-07","1"
"1880-02-07","6"
"1880-02-14","26"
"1880-02-14","1"
"1880-02-14","12"
"1880-02-14","23"
"1880-02-14","5"
"1880-02-21","7"
"1880-02-21","56"
"1880-02-21","8"
"1880-02-21","6"
"1880-02-21","5"
"1880-02-28","1"
"1880-02-28","25"
"1880-02-28","22"
"1880-02-28","11"
"1880-02-28","50"
"1880-03-06","19"
"1880-03-06","17"
"1880-03-06","7"
"1880-03-06","1"
"1880-03-06","3"
"1880-03-13","1"
"1880-03-13","39"
"1880-03-13","13"
"1880-03-13","4"
"1880-03-13","19"
"1880-03-20","51"
"1880-03-20","14"
"1880-03-20","17"
"1880-03-20","4"
"1880-03-20","21"
"1880-03-27","25"
"1880-03-27","6"
"1880-03-27","23"
"1880-03-27","20"
"1880-03-27","2"
"1880-04-03","12"
"1880-04-03","4"
"1880-04-03","4"
"1880-04-03","6"
"1880-04-03","15"
"1880-04-10","7"
"1880-04-10","50"
"1880-04-10","12"
"1880-04-10","2"
"1880-04-10","18"
"1880-04-17","32"
"1880-04-17","39"
"1880-04-17","3"
"1880-04-17","22"
"1880-04-17","15"
"1880-04-24","8"
"1880-04-24","13"
"1880-04-24","35"
"1880-04-24","6"
"1880-04-24","6"
"1880-05-01","37"
"1880-05-01","1"
"1880-05-01","65"
"1880-05-01","7"
"1880-05-01","1"
"1880-05-08","2"
"1880-05-08","23"
"1880-05-08","4"
"1880-05-08","4"
"1880-05-08","15"
"1880-05-15","26"
"1880-05-15","32"
"1880-05-15","1"
"1880-05-15","13"
"1880-05-15","14"
"1880-05-22","21"
"1880-05-22","21"
"1880-05-22","17"
"1880-05-22","32"
"1880-05-22","54"
"1880-05-29","48"
"1880-05-29","5"
"1880-05-29","5"
"1880-05-29","17"
"1880-05-29","36"
"1880-06-05","21"
"1880-06-05","18"
"1880-06-05","67"
"1880-06-05","31"
"1880-06-05","3"
"1880-06-12","21"
"1880-06-12","2"
"1880-06-12","48"
"1880-06-12","12"
"1880-06-12","15"
"1880-06-19","11"
"1880-06-19","6"
"1880-06-19","50"
"1880-06-19","32"
"1880-06-19","14"
"1880-06-26","47"
"1880-06-26","8"
"1880-06-26","3"
"1880-06-26","27"
"1880-06-26","3"
"1880-07-03","5"
"1880-07-03","6"
"1880-07-03","1"
"1880-07-03","3"
"1880-07-03","21"
"1880-07-10","3"
"1880-07-10","18"
"1880-07-10","33"
"1880-07-10","10"
"1880-07-10","9"
"1880-07-17","11"
"1880-07-17","1"
"1880-07-17","51"
"1880-07-17","31"
"1880-07-17","46"
"1880-07-24","3"
"1880-07-24","25"
"1880-07-24","8"
"1880-07-24","12"
"1880-07-24","31"
